datum,hemmalag,bortalag,hemmamal,bortamal,hemmaodds,oavgjortodds,bortaodds
2026-08-07,Rokycany,Milevsko,2,1,1.61,3.88,4.41
2026-08-08,Cesky Krumlov,Sobeslav,1,5,2.61,3.58,2.22
2026-08-08,FK Komarov,Taborsko akademie,1,1,2.21,3.72,2.58
2026-08-08,Petrin Plzen,Domazlice B,1,0,1.35,4.98,6.12
2026-08-08,Horovice,Hluboka nad Vltavou,2,2,3.17,3.64,1.95
2026-08-08,Spartak Pribram,Krimice,3,1,,,
2026-08-09,SK Strakonice 1908,Doubravka,1,3,,,
2026-08-14,Hluboka nad Vltavou,Petrin Plzen,1,0,2.08,3.69,2.86
2026-08-14,Sobeslav,Horovice,1,2,1.61,3.71,4.33
2026-08-15,Doubravka,Rokycany,0,0,,,
2026-08-15,Krimice,SK Strakonice 1908,2,1,1.26,5.40,7.66
2026-08-15,Nyrsko,Spartak Pribram,2,4,,,
2026-08-16,Milevsko,FK Komarov,0,0,,,
2026-08-16,Taborsko akademie,Cesky Krumlov,3,0,,,
2026-08-21,Domazlice B,Hluboka nad Vltavou,0,1,,,
2026-08-22,Cesky Krumlov,Milevsko,2,1,1.75,3.72,3.68
2026-08-22,Petrin Plzen,Sobeslav,2,1,1.86,3.64,3.36
2026-08-22,Rokycany,Krimice,0,2,3.13,3.34,2.04
2026-08-22,Horovice,Taborsko akademie,1,3,3.25,3.54,1.93
2026-08-23,SK Strakonice 1908,Nyrsko,5,2,1.79,4.11,3.31
2026-08-29,Doubravka,Cesky Krumlov,3,2,,,
2026-08-29,Krimice,FK Komarov,1,2,1.52,4.12,4.96
2026-08-29,Nyrsko,Rokycany,1,2,,,
2026-08-29,Spartak Pribram,SK Strakonice 1908,6,0,,,
2026-08-29,Sobeslav,Domazlice B,3,2,,,
2026-08-30,Milevsko,Horovice,0,1,,,
2026-08-30,Taborsko akademie,Petrin Plzen,1,1,1.76,3.79,3.64
2026-09-02,FK Komarov,Doubravka,1,0,1.68,4.22,3.65
2026-09-04,Hluboka nad Vltavou,Sobeslav,2,2,1.99,3.69,2.98
2026-09-05,Cesky Krumlov,Krimice,2,4,,,
2026-09-05,FK Komarov,Nyrsko,2,0,1.45,4.27,5.51
2026-09-05,Petrin Plzen,Milevsko,3,0,1.28,5.06,7.91
2026-09-05,Rokycany,Spartak Pribram,1,2,,,
2026-09-05,Horovice,Doubravka,3,0,,,
2026-09-06,Domazlice B,Taborsko akademie,0,3,,,
2026-09-11,Krimice,Horovice,1,0,1.50,4.13,4.95
2026-09-12,Doubravka,Petrin Plzen,2,4,,,
2026-09-12,Milevsko,Domazlice B,0,3,,,
2026-09-12,Nyrsko,Cesky Krumlov,0,3,,,
2026-09-12,Spartak Pribram,FK Komarov,1,1,,,
2026-09-12,Taborsko akademie,Hluboka nad Vltavou,1,3,,,
2026-09-13,SK Strakonice 1908,Rokycany,3,0,,,
2026-09-18,FK Komarov,SK Strakonice 1908,4,4,1.45,4.48,5.34
2026-09-18,Hluboka nad Vltavou,Milevsko,2,2,1.19,5.95,10.22
2026-09-19,Cesky Krumlov,Spartak Pribram,1,3,,,
2026-09-19,Petrin Plzen,Krimice,1,4,2.10,3.61,2.79
2026-09-19,Horovice,Nyrsko,3,1,1.21,6.08,9.18
2026-09-19,Sobeslav,Taborsko akademie,3,1,,,
2026-09-20,Domazlice B,Doubravka,0,3,,,
2026-09-26,Doubravka,Hluboka nad Vltavou,2,3,3.01,3.60,2.07
2026-09-26,Krimice,Domazlice B,1,0,1.12,7.50,13.38
2026-09-26,Nyrsko,Petrin Plzen,0,4,,,
2026-09-26,Rokycany,FK Komarov,0,1,,,
2026-09-26,Spartak Pribram,Horovice,1,1,1.72,4.02,3.63
2026-09-27,Milevsko,Sobeslav,1,2,4.18,4.03,1.60
2026-09-27,SK Strakonice 1908,Cesky Krumlov,2,3,2.01,3.71,2.85
