datum,hemmalag,bortalag,hemmamal,bortamal,hemmaodds,oavgjortodds,bortaodds
2026-04-03,AFC Malmo,Kristianstad,2,2,1.74,3.76,3.78
2026-04-03,Angelholm,Trelleborg,1,5,3.24,3.33,2.06
2026-04-03,Trollhattan,Hassleholms IF,3,4,2.31,3.25,2.79
2026-04-03,Utsikten,Olympic,1,3,2.20,3.57,2.73
2026-04-04,Eskilsminne,Laholms,1,0,1.65,4.09,4.01
2026-04-04,Rosengard,Lunds,2,2,1.83,3.49,3.75
2026-04-05,Atvidaberg,Jonkoping,1,0,3.09,3.30,2.14
2026-04-06,Skovde AIK,Tvaaker,0,0,2.29,3.44,2.68
2026-04-10,Hassleholms IF,Rosengard,1,1,2.28,3.34,2.78
2026-04-11,Kristianstad,Skovde AIK,0,0,1.91,3.48,3.41
2026-04-11,Laholms,Angelholm,1,1,2.80,3.46,2.21
2026-04-11,Lunds,Atvidaberg,2,0,2.33,3.47,2.63
2026-04-11,Olympic,Trollhattan,1,2,2.02,3.62,3.01
2026-04-11,Trelleborg,AFC Malmo,1,1,1.77,3.80,3.60
2026-04-11,Tvaaker,Eskilsminne,1,0,2.72,3.32,2.33
2026-04-12,Jonkoping,Utsikten,1,2,1.54,3.80,5.65
2026-04-17,Hassleholms IF,Olympic,4,0,2.09,3.41,3.08
2026-04-18,AFC Malmo,Rosengard,1,1,2.21,3.42,2.78
2026-04-18,Eskilsminne,Jonkoping,2,2,2.86,3.23,2.27
2026-04-18,Skovde AIK,Laholms,1,0,2.02,3.47,3.15
2026-04-18,Trelleborg,Tvaaker,4,1,1.48,4.08,5.56
2026-04-18,Utsikten,Trollhattan,1,2,2.36,3.67,2.49
2026-04-19,Angelholm,Lunds,0,0,2.26,3.44,2.71
2026-04-19,Atvidaberg,Kristianstad,2,1,1.76,3.60,4.04
2026-04-24,Trollhattan,Skovde AIK,1,1,1.58,4.00,4.55
2026-04-25,Angelholm,Hassleholms IF,1,1,3.29,3.39,2.01
2026-04-25,Atvidaberg,AFC Malmo,3,0,2.44,3.36,2.52
2026-04-25,Laholms,Trelleborg,0,4,5.30,4.42,1.47
2026-04-25,Lunds,Tvaaker,1,0,2.00,3.53,3.17
2026-04-25,Rosengard,Eskilsminne,0,3,1.98,3.41,3.37
2026-04-26,Kristianstad,Utsikten,4,1,2.17,3.40,2.92
2026-04-26,Olympic,Jonkoping,3,1,3.03,3.33,2.13
2026-05-01,Eskilsminne,Angelholm,0,6,1.94,3.54,3.35
2026-05-01,Hassleholms IF,Lunds,0,1,1.91,3.35,3.60
2026-05-02,Jonkoping,Kristianstad,3,0,1.60,3.80,4.73
2026-05-02,Skovde AIK,Atvidaberg,0,0,2.84,3.23,2.26
2026-05-02,Trelleborg,Olympic,2,1,1.60,4.05,4.42
2026-05-02,Trollhattan,Rosengard,0,2,2.13,3.59,2.82
2026-05-02,Tvaaker,Laholms,1,2,1.85,3.59,3.56
2026-05-02,Utsikten,AFC Malmo,0,3,3.21,3.75,1.92
2026-05-08,AFC Malmo,Hassleholms IF,3,2,1.93,3.48,3.36
2026-05-09,Eskilsminne,Utsikten,4,0,1.65,3.78,4.37
2026-05-09,Olympic,Kristianstad,2,0,2.12,3.71,2.81
2026-05-09,Rosengard,Tvaaker,0,1,1.69,3.66,4.28
2026-05-09,Skovde AIK,Angelholm,1,1,2.92,3.34,2.20
2026-05-09,Trollhattan,Lunds,1,1,2.08,3.55,2.99
2026-05-10,Atvidaberg,Trelleborg,1,2,2.81,3.35,2.26
2026-05-10,Jonkoping,Laholms,2,1,1.33,4.65,7.61
2026-05-13,Hassleholms IF,Eskilsminne,1,3,2.09,3.43,3.07
2026-05-13,Kristianstad,Rosengard,1,2,2.81,3.35,2.24
2026-05-13,Laholms,Lunds,4,3,3.46,3.50,1.91
2026-05-13,Utsikten,Skovde AIK,2,3,2.43,3.25,2.63
2026-05-14,Angelholm,Atvidaberg,2,2,2.44,3.10,2.74
2026-05-14,Trelleborg,Jonkoping,1,1,2.06,3.42,3.17
2026-05-14,Trollhattan,AFC Malmo,0,2,2.85,3.59,2.13
2026-05-14,Tvaaker,Olympic,1,0,2.63,3.55,2.29
2026-05-17,Eskilsminne,Skovde AIK,1,1,1.62,3.80,4.62
2026-05-17,Jonkoping,Hassleholms IF,2,0,1.67,3.48,4.80
2026-05-17,Lunds,Utsikten,5,0,1.57,3.99,4.85
2026-05-17,Olympic,Atvidaberg,2,3,2.38,3.43,2.59
2026-05-17,Trelleborg,Trollhattan,2,2,1.62,3.87,4.53
2026-05-18,AFC Malmo,Tvaaker,0,1,1.85,3.55,3.64
2026-05-18,Angelholm,Kristianstad,0,1,1.84,3.68,3.55
2026-05-18,Laholms,Rosengard,1,3,4.64,3.74,1.63
2026-05-22,Kristianstad,Hassleholms IF,1,3,2.58,3.43,2.39
2026-05-22,Lunds,Eskilsminne,4,2,2.34,3.38,2.66
2026-05-23,Rosengard,Olympic,2,1,1.78,3.75,3.69
2026-05-23,Skovde AIK,AFC Malmo,0,4,3.47,3.50,1.91
2026-05-23,Tvaaker,Trollhattan,1,1,2.38,3.33,2.65
2026-05-23,Utsikten,Trelleborg,0,0,9.39,5.68,1.23
2026-05-24,Atvidaberg,Laholms,3,1,1.46,4.31,5.54
2026-05-24,Jonkoping,Angelholm,3,0,1.68,3.62,4.50
2026-05-30,AFC Malmo,Laholms,4,2,1.32,5.09,7.27
2026-05-30,Eskilsminne,Trelleborg,2,3,2.97,3.54,2.09
2026-05-30,Hassleholms IF,Utsikten,3,0,1.40,4.36,6.50
2026-05-30,Trollhattan,Atvidaberg,3,3,2.49,3.54,2.42
2026-05-30,Tvaaker,Kristianstad,1,2,2.24,3.32,2.86
2026-06-01,Skovde AIK,Jonkoping,1,0,5.29,3.73,1.55
2026-06-02,Rosengard,Angelholm,1,2,1.83,3.48,3.82
2026-06-03,Olympic,Lunds,1,3,2.31,3.66,2.53
2026-06-04,Laholms,Hassleholms IF,1,2,3.38,3.91,1.83
2026-06-06,Jonkoping,Trollhattan,4,1,1.39,4.56,6.27
2026-06-07,AFC Malmo,Eskilsminne,2,1,1.93,3.73,3.16
2026-06-07,Atvidaberg,Tvaaker,2,2,1.75,3.54,4.13
2026-06-07,Kristianstad,Lunds,1,1,2.77,3.46,2.22
2026-06-07,Trelleborg,Skovde AIK,4,0,1.33,4.95,7.20
2026-06-08,Angelholm,Olympic,1,1,2.14,3.59,2.82
2026-06-08,Utsikten,Rosengard,0,1,5.22,4.06,1.51
2026-06-12,Lunds,AFC Malmo,1,4,2.12,3.70,2.79
2026-06-13,Angelholm,Utsikten,4,2,1.48,4.22,5.32
2026-06-13,Atvidaberg,Eskilsminne,4,0,2.01,3.56,3.12
2026-06-13,Olympic,Laholms,3,2,1.63,4.08,4.16
2026-06-13,Trollhattan,Kristianstad,1,1,2.25,3.58,2.69
2026-06-13,Tvaaker,Jonkoping,2,1,4.87,3.78,1.60
2026-06-14,Hassleholms IF,Trelleborg,0,2,3.65,3.71,1.79
2026-06-14,Rosengard,Skovde AIK,3,0,1.32,4.86,7.52
2026-06-17,Utsikten,Atvidaberg,0,3,4.86,4.02,1.54
2026-06-18,Eskilsminne,Trollhattan,2,0,1.78,3.94,3.50
2026-06-18,Jonkoping,Lunds,0,0,1.85,3.67,3.52
2026-06-18,Skovde AIK,Hassleholms IF,2,2,2.57,3.55,2.34
2026-06-18,Trelleborg,Rosengard,3,2,1.82,3.66,3.65
2026-06-18,Tvaaker,Angelholm,3,2,2.58,3.66,2.29
2026-06-21,AFC Malmo,Olympic,1,2,1.66,4.03,4.05
2026-06-21,Kristianstad,Laholms,0,3,1.60,4.00,4.51
2026-06-26,Hassleholms IF,Tvaaker,4,2,1.83,3.64,3.58
2026-06-26,Kristianstad,Trelleborg,0,0,4.40,3.81,1.64
2026-06-27,AFC Malmo,Jonkoping,1,0,2.21,3.52,2.76
2026-06-27,Atvidaberg,Rosengard,3,3,2.49,3.32,2.53
2026-06-27,Laholms,Utsikten,3,1,1.70,4.00,3.93
2026-06-27,Lunds,Skovde AIK,2,1,1.43,4.48,5.75
2026-06-27,Trollhattan,Angelholm,1,1,2.24,3.56,2.71
2026-06-28,Olympic,Eskilsminne,2,1,2.28,3.69,2.54
2026-07-01,Eskilsminne,Kristianstad,3,2,1.90,3.72,3.27
2026-08-01,Angelholm,AFC Malmo,2,2,2.78,3.49,2.18
2026-08-01,Hassleholms IF,Atvidaberg,2,0,2.33,3.38,2.69
2026-08-01,Laholms,Trollhattan,0,1,2.71,3.73,2.17
2026-08-01,Olympic,Skovde AIK,3,1,1.67,4.05,3.97
2026-08-01,Tvaaker,Utsikten,2,2,1.53,4.18,4.87
2026-08-02,Rosengard,Jonkoping,4,2,2.21,3.11,3.10
2026-08-02,Trelleborg,Lunds,2,2,1.67,3.81,4.23
2026-08-07,Kristianstad,Angelholm,1,0,2.80,3.46,2.21
2026-08-08,AFC Malmo,Trelleborg,1,2,2.63,3.51,2.29
2026-08-08,Eskilsminne,Rosengard,0,0,2.84,3.57,2.15
2026-08-08,Skovde AIK,Lunds,1,1,3.59,3.84,1.79
2026-08-08,Trollhattan,Laholms,0,1,1.75,3.90,3.66
2026-08-08,Tvaaker,Atvidaberg,1,2,3.33,3.52,1.94
2026-08-08,Utsikten,Hassleholms IF,0,2,3.58,3.81,1.81
2026-08-09,Jonkoping,Olympic,2,0,1.74,3.73,3.86
2026-08-14,Lunds,Hassleholms IF,0,3,1.78,3.66,3.82
2026-08-15,Angelholm,Trollhattan,0,1,1.92,3.62,3.35
2026-08-15,Kristianstad,Tvaaker,1,2,1.86,3.54,3.62
2026-08-15,Laholms,Jonkoping,0,0,4.17,3.79,1.68
2026-08-15,Olympic,AFC Malmo,2,2,2.85,3.63,2.10
2026-08-16,Atvidaberg,Skovde AIK,2,1,1.47,4.33,5.37
2026-08-16,Rosengard,Utsikten,1,1,1.21,5.93,10.15
2026-08-16,Trelleborg,Eskilsminne,1,3,1.50,4.22,5.16
2026-08-22,AFC Malmo,Lunds,2,5,2.07,3.59,2.96
2026-08-22,Atvidaberg,Angelholm,4,1,1.61,3.97,4.49
2026-08-22,Jonkoping,Rosengard,0,0,2.42,3.25,2.60
2026-08-22,Olympic,Tvaaker,3,4,1.66,4.04,4.06
2026-08-22,Trollhattan,Trelleborg,2,1,3.84,3.58,1.76
2026-08-22,Utsikten,Eskilsminne,2,2,3.74,4.00,1.73
2026-08-23,Skovde AIK,Kristianstad,3,1,2.30,3.41,2.70
2026-08-24,Hassleholms IF,Laholms,2,1,1.65,3.92,4.26
2026-08-28,Lunds,Olympic,7,1,1.74,3.94,3.69
2026-08-29,Angelholm,Jonkoping,0,1,3.19,3.19,2.14
2026-08-29,Eskilsminne,Hassleholms IF,0,2,2.24,3.52,2.72
2026-08-29,Kristianstad,Atvidaberg,5,2,3.55,3.68,1.84
2026-08-29,Rosengard,Trollhattan,3,2,1.64,3.96,4.22
2026-08-29,Tvaaker,Skovde AIK,1,1,2.35,3.54,2.55
2026-08-30,Laholms,AFC Malmo,2,2,3.40,3.66,1.87
2026-08-30,Trelleborg,Utsikten,2,1,1.18,6.63,10.37
2026-09-04,Rosengard,Laholms,4,2,1.57,4.14,4.56
2026-09-05,AFC Malmo,Atvidaberg,2,2,2.27,3.62,2.61
2026-09-05,Hassleholms IF,Kristianstad,2,1,1.69,3.66,4.31
2026-09-05,Olympic,Angelholm,5,0,1.95,3.65,3.20
2026-09-05,Trollhattan,Eskilsminne,4,2,1.98,3.78,3.04
2026-09-05,Utsikten,Lunds,1,1,5.61,4.63,1.42
2026-09-06,Jonkoping,Tvaaker,0,1,1.41,4.36,6.22
2026-09-06,Skovde AIK,Trelleborg,2,1,3.95,3.69,1.75
2026-09-11,Lunds,Rosengard,2,0,2.22,3.63,2.71
2026-09-11,Trollhattan,Utsikten,5,0,1.38,4.88,6.04
2026-09-12,Angelholm,Skovde AIK,0,3,2.55,3.37,2.45
2026-09-12,Atvidaberg,Olympic,3,2,1.71,3.87,3.85
2026-09-12,Laholms,Eskilsminne,1,0,1.47,4.44,5.16
2026-09-12,Trelleborg,Hassleholms IF,2,1,1.67,3.85,4.20
2026-09-12,Tvaaker,AFC Malmo,0,0,2.99,3.58,2.04
2026-09-13,Kristianstad,Jonkoping,0,0,3.21,3.23,2.10
2026-09-16,Hassleholms IF,AFC Malmo,2,0,2.61,3.58,2.30
2026-09-16,Jonkoping,Atvidaberg,1,0,2.30,3.10,2.95
2026-09-16,Lunds,Angelholm,2,0,1.41,4.63,5.76
2026-09-16,Utsikten,Laholms,0,0,3.60,3.84,1.79
2026-09-17,Eskilsminne,Tvaaker,4,2,2.18,3.63,2.75
2026-09-17,Kristianstad,Olympic,0,1,2.77,3.56,2.19
2026-09-17,Rosengard,Trelleborg,3,4,2.58,3.62,2.31
2026-09-17,Skovde AIK,Trollhattan,1,3,2.69,3.54,2.26
2026-09-19,AFC Malmo,Utsikten,3,1,1.24,5.79,8.66
2026-09-19,Atvidaberg,Lunds,1,0,2.41,3.56,2.49
2026-09-20,Hassleholms IF,Trollhattan,0,1,2.35,3.51,2.56
2026-09-20,Laholms,Kristianstad,2,3,1.94,3.39,3.51
2026-09-20,Olympic,Rosengard,1,1,2.72,3.72,2.16
2026-09-20,Tvaaker,Trelleborg,0,1,4.39,4.29,1.57
2026-09-21,Angelholm,Eskilsminne,2,2,2.55,3.45,2.39
2026-09-21,Jonkoping,Skovde AIK,3,2,1.62,3.84,4.61
2026-09-25,Lunds,Kristianstad,0,1,1.37,4.73,6.32
2026-09-26,Laholms,Atvidaberg,1,2,2.74,3.62,2.20
2026-09-26,Rosengard,Hassleholms IF,2,1,1.74,3.77,3.86
2026-09-26,Skovde AIK,Olympic,2,1,2.47,3.72,2.36
2026-09-26,Trollhattan,Tvaaker,4,2,1.61,4.24,4.14
2026-09-26,Utsikten,Jonkoping,3,0,7.20,4.68,1.35
2026-09-27,Eskilsminne,AFC Malmo,1,2,2.37,3.68,2.47
2026-09-27,Trelleborg,Angelholm,4,1,1.39,4.56,6.35
